Table S1. Protospacer sequences of sgRNAs.,,,,,,
Gene,Protospacer,Guide_ID (synonymous with sgGuide_ID),Perturb-seq_Vector_ID,,,
AARS,GAGGGCGGCCTACCTCTCCT,,pDS381,,,
AMIGO3/GMPPB,GGAACGCGACACCGGGTAGA,,pDS391,,,
AMIGO3/GMPPB,GGGGCCAGCAGCCGTCTACC,,pDS434,,,
ARHGAP22,GGTCCGTCCGGAGCCAGGAG,,pDS458,,,
ASCC3,GACGCAAAGACGCACAGACC,,pDS051,,,
ASCC3,GCGCACAGACCCGGCGAGGA,,pDS052,,,
ATF6,GGGGATCTGAGAATGTACCA,ATF6,,,,
ATP5B,GAGTCTCCGCAAGGCCCCGG,,pDS055,,,
CAD,GTAGGAGCCTCGGGCGCGCT,,pDS468,,,
CARS,GAGCCATGGCAGATTCCTCC,,pDS460,,,
CCND3,GCGACGTCCGAGCATTCCA,,pDS006,,,
CHERP,GCGCTGGTGGTCGATCGTG,,pDS024,,,
COPB1,GCGGCTATGAACCGCAGCAG,,pDS065,,,
COPZ1,GGATGCTGTGGTGTCCACAG,,pDS462,,,
DAD1,GACCTTGCGTGCAGTTATGT,,pDS499,,,
DARS,GTGAGACCCCAGGGTCGGGA,,pDS495,,,
DDOST,GTGGGTCCTTCGGCAGGAGG,,pDS382,,,
DDRGK1,GCGGTCCACAAAGGCTCAGA,,pDS041,,,
DERL2,GGTAGGCGCGGCTGACCGGT,,pDS042,,,
DHDDS,GGCGCCCAGCGGAGCTAATC,,pDS383,,,
DNAJC19,GGGCGCCTGTGCTTGAGGTT,,pDS026,,,
DNAJC19,GCTTGCCTGGAACTCCTGTA,,pDS074,,,
EGFP (protopacer name: EGFP-NT2),GACCAGGATGGGCACCACCC,,,,,
EIF2AK3,GCGGGCTGAGACGTGGCCAG,PERK,,,,
EIF2B2,GTAGCTGCCTTCAGCCTTCAC,,pDS463,,,
EIF2B3,GCCATTGGGCTGTCAGTCAG,,pDS508,,,
EIF2B4,GCTGAGGGCGATGGCTGCTG,,pDS491,,,
EIF2S1,GAGACTTGCTTCCCCCTCAC,,pDS386,,,
ERN1,GAGAACTGACTAGGCAGCGG,IRE1α,,,,
FARSB,GTCACTGTAGGTGCGGCCCA,,pDS390,,,
FECH,GGCAGCCTCGGCCCGAGTCC,,pDS494,,,
GBF1,GCAGGGCTCGCGCAGTTACC,,pDS043,,,
GNPNAT1,GCAGGGCCGCGCGCAGGCGAG,,pDS506,,,
HARS,GCTCAAGTGGACAGCCGGGA,,pDS466,,,
HSD17B12,GTCATCCTCACCGTCACGGC,,pDS087,,,
HSPA5,GCGACGGTGAGGTCGACGC,HSPA5-1,pDS017,,,
HSPA5,GGCGACGGTGAGGTCGACGC,HSPA5-2,pDS371,,,
HSPA5,GAGGGCAGGTCTAGAAATAC,HSPA5-3,,,,
HSPA9,GGGATAAATGGAGGAGTACG,,pDS088,,,
HYOU1,GGACAGCGTGCGAGCTCCGG,,pDS089,,,
IARS2,GGCGCGTGCGCCCTCTTACT,,pDS090,,,
IARS2,GCGGAGGACCCCGCTCTCAG,,pDS091,,,
IDH3A,GGGGCCCGCGTGGATCTCTA,,pDS393,,,
IER3IP1,GGGCCGCGTGAGGGGACACCA,,pDS002,,,
IER3IP1,GGGGCCCCATCGGCTTCCGT,,pDS110,,,
KCTD16,GGTTTCTCAGACCTAGGTGA,,pDS096,,,
MANF,GACTTGGAGGCGGTGCGGCG,,pDS027,,,
MARS,GCAGCACCGGCAAGCAACCC,,pDS394,,,
MRGBP,GCGAGCAAGGAGCCCCCGGC,,pDS124,,,
MRPL39,GTCTGGCTGGTCGCACCCGG,,pDS498,,,
MTHFD1,GGGCCAGTCCCTAAGCACGT,,pDS395,,,
NEDD8/NEDD8-MDP1,GCAGCGGCGACCGGAGCGGT,,pDS396,,,
OST4,GGCTTGTTCGCTGGTGGCGT,,pDS353,,,
P4HB,GGGCGCCGCCGGGACAGCGG,,pDS397,,,
PDIA6,GGGCAACCTAGCAGCTCCTC,,pDS029,,,
PPWD1,GTTTTCAGCAGAGACGTAGA,,pDS398,,,
PSMD4,GCCGTCCCGGAGACCCGGTC,,pDS488,,,
PTDSS1,GCTGGCGCCCAGCAAAGGCT,,pDS478,,,
QARS,GCGCGCTCAGTGAGAGGAAA,,pDS510,,,
SAMM50,GCTGCCTCGCAGAGCTGCCC,,pDS156,,,
SARS,GGGCGCAGTGCGGCGGTCAC,,pDS467,,,
SCYL1,GGCCGGAGGACCCGGAGCTA,,pDS159,,,
SCYL1,GGCCTTAGCTCCGGGTCCTC,,pDS160,,,
SEC61A1,GCTGTGCAGTGGAACGCGCT,SEC61A1-1,pDS031,,,
SEC61A1,GTGCTAGCCCGGCGGCAAG,SEC61A1-2,pDS032,,,
SEC61A1,GCACGTCAGTGCTAGCCCGG,SEC61A1-3,,,,
SEC61B,GTACGGAGCCCCCGAAAGAC,SEC61B-1,pDS033,,,
SEC61B,GGGCAAGGCGCTGACGCGGA,SEC61B-2,,,,
SEC61B,GGCGGACGGATAGAAAGTTA,SEC61B-3,pDS162,,,
SEC61G,GCTCCAGTGCTACGTGTCCC,SEC61G-2,pDS440,,,
SEC63,GGTGCAGAGCGTGGTCGTGG,,pDS218,,,
SEL1L,GGTGGTGGCTGAGTCCGTGG,,pDS373,,,
SLC35B1,GGTCGCATGCAGCTCCTATG,,pDS046,,,
SLC39A7,GCCGGGAAAGGAGAGGATCC,,pDS219,,,
SLMO2,GAGATGTCCGGGTAGCGCCA,,pDS433,,,
SOCS1,GCGGCGGACCCGGCCCTAGG,,pDS479,,,
SPCS2,GTCAGACAAGTCGGAGGGGA,,pDS401,,,
SPCS3,GGCCGGTCCGCCGCCGGAAC,,pDS402,,,
SRP68,GAGAAGCAGGTCCCAGGCGG,,pDS403,,,
SRP72,GCCTCCAAGATGGCGAGCGG,,pDS505,,,
SRPR,GGCGAACGCGGCCTGAATTCC,,pDS482,,,
SRPRB,GGCCACCCGGCGCGAGTCCG,,pDS404,,,
STT3A,GGGAGCCCCGCGGATCGTTT,,pDS011,,,
SYVN1,GGCGCTGGGTTCCTGGTGAGT,,pDS442,,,
TARS,GGAGGAGCCAAGAGGCGGGT,,pDS405,,,
TELO2,GCCGCGGAGACCCGCCCCAG,,pDS496,,,
TIMM23,GAAGTAGGCGCTGGCAACGC,,pDS284,,,
TIMM44,GCGGCACCAGCCACTCCGCA,,pDS430,,,
TMED10,GAGACTCGTTCACCACCGA,,pDS036,,,
TMED2,GTGAGGCCGAAGCCAGGACC,,pDS175,,,
TMEM167A,GCAGCCACATCACCCTTCCG,,pDS038,,,
TTI1,GAAGGCTGGAAGACGAGGTA,,pDS407,,,
TTI2,GTCCGGATCCTGTTAGACAC,,pDS408,,,
UFL1,GTGACTCGCAGTAGACGCGG,,pDS410,,,
UFM1,GCGGTAAGCAAACACTTACA,,pDS040,,,
XRN1,GTCCGCGGAGCGACGACCGG,,pDS411,,,
YIPF5,GGGTGCAGGGGACCGCGTCA,,pDS186,,,
YIPF5,GTGACACGTAGCAACGGGGC,,pDS226,,,
,GGCCAAACGTGCCCTGACGG,NegCtrl-1,,,,
,GCGATGGGGGGGTGGGTAGC,NegCtrl-2,,,,
,GACGACTAGTTAGGCGTGTA,NegCtrl-3,,,,
,GCCTTGGCTAAACCGCTCCC,NegCtrl-hU6,,,,